Workbook

Sheet Resumen
A1: Backlog técnico BELC · Release 1
A2: Derivado de las historias BELCMW-1 a BELCMW-48 y del modelo BELC. Edita el Estado en la hoja 'Backlog técnico'; este resumen se recalcula solo.
A4: Célula | B4: Habilitada | C4: Refinada | D4: Espera decisión | E4: Bloqueado | F4: En curso | G4: Terminado | H4: Total
A5: BE | B5: =COUNTIFS('Backlog técnico'!$H$2:$H$80,$A5,'Backlog técnico'!$Q$2:$Q$80,B$4) -> 0 | C5: =COUNTIFS('Backlog técnico'!$H$2:$H$80,$A5,'Backlog técnico'!$Q$2:$Q$80,C$4) -> 19 | D5: =COUNTIFS('Backlog técnico'!$H$2:$H$80,$A5,'Backlog técnico'!$Q$2:$Q$80,D$4) -> 15 | E5: =COUNTIFS('Backlog técnico'!$H$2:$H$80,$A5,'Backlog técnico'!$Q$2:$Q$80,E$4) -> 0 | F5: =COUNTIFS('Backlog técnico'!$H$2:$H$80,$A5,'Backlog técnico'!$Q$2:$Q$80,F$4) -> 0 | G5: =COUNTIFS('Backlog técnico'!$H$2:$H$80,$A5,'Backlog técnico'!$Q$2:$Q$80,G$4) -> 0 | H5: =SUM(B5:G5) -> 34
A6: Web | B6: =COUNTIFS('Backlog técnico'!$H$2:$H$80,$A6,'Backlog técnico'!$Q$2:$Q$80,B$4) -> 0 | C6: =COUNTIFS('Backlog técnico'!$H$2:$H$80,$A6,'Backlog técnico'!$Q$2:$Q$80,C$4) -> 15 | D6: =COUNTIFS('Backlog técnico'!$H$2:$H$80,$A6,'Backlog técnico'!$Q$2:$Q$80,D$4) -> 12 | E6: =COUNTIFS('Backlog técnico'!$H$2:$H$80,$A6,'Backlog técnico'!$Q$2:$Q$80,E$4) -> 0 | F6: =COUNTIFS('Backlog técnico'!$H$2:$H$80,$A6,'Backlog técnico'!$Q$2:$Q$80,F$4) -> 0 | G6: =COUNTIFS('Backlog técnico'!$H$2:$H$80,$A6,'Backlog técnico'!$Q$2:$Q$80,G$4) -> 0 | H6: =SUM(B6:G6) -> 27
A7: BO | B7: =COUNTIFS('Backlog técnico'!$H$2:$H$80,$A7,'Backlog técnico'!$Q$2:$Q$80,B$4) -> 0 | C7: =COUNTIFS('Backlog técnico'!$H$2:$H$80,$A7,'Backlog técnico'!$Q$2:$Q$80,C$4) -> 3 | D7: =COUNTIFS('Backlog técnico'!$H$2:$H$80,$A7,'Backlog técnico'!$Q$2:$Q$80,D$4) -> 2 | E7: =COUNTIFS('Backlog técnico'!$H$2:$H$80,$A7,'Backlog técnico'!$Q$2:$Q$80,E$4) -> 0 | F7: =COUNTIFS('Backlog técnico'!$H$2:$H$80,$A7,'Backlog técnico'!$Q$2:$Q$80,F$4) -> 0 | G7: =COUNTIFS('Backlog técnico'!$H$2:$H$80,$A7,'Backlog técnico'!$Q$2:$Q$80,G$4) -> 0 | H7: =SUM(B7:G7) -> 5
A8: SRE | B8: =COUNTIFS('Backlog técnico'!$H$2:$H$80,$A8,'Backlog técnico'!$Q$2:$Q$80,B$4) -> 2 | C8: =COUNTIFS('Backlog técnico'!$H$2:$H$80,$A8,'Backlog técnico'!$Q$2:$Q$80,C$4) -> 0 | D8: =COUNTIFS('Backlog técnico'!$H$2:$H$80,$A8,'Backlog técnico'!$Q$2:$Q$80,D$4) -> 0 | E8: =COUNTIFS('Backlog técnico'!$H$2:$H$80,$A8,'Backlog técnico'!$Q$2:$Q$80,E$4) -> 0 | F8: =COUNTIFS('Backlog técnico'!$H$2:$H$80,$A8,'Backlog técnico'!$Q$2:$Q$80,F$4) -> 0 | G8: =COUNTIFS('Backlog técnico'!$H$2:$H$80,$A8,'Backlog técnico'!$Q$2:$Q$80,G$4) -> 0 | H8: =SUM(B8:G8) -> 2
A9: SRE + DBA | B9: =COUNTIFS('Backlog técnico'!$H$2:$H$80,$A9,'Backlog técnico'!$Q$2:$Q$80,B$4) -> 0 | C9: =COUNTIFS('Backlog técnico'!$H$2:$H$80,$A9,'Backlog técnico'!$Q$2:$Q$80,C$4) -> 1 | D9: =COUNTIFS('Backlog técnico'!$H$2:$H$80,$A9,'Backlog técnico'!$Q$2:$Q$80,D$4) -> 0 | E9: =COUNTIFS('Backlog técnico'!$H$2:$H$80,$A9,'Backlog técnico'!$Q$2:$Q$80,E$4) -> 0 | F9: =COUNTIFS('Backlog técnico'!$H$2:$H$80,$A9,'Backlog técnico'!$Q$2:$Q$80,F$4) -> 0 | G9: =COUNTIFS('Backlog técnico'!$H$2:$H$80,$A9,'Backlog técnico'!$Q$2:$Q$80,G$4) -> 0 | H9: =SUM(B9:G9) -> 1
A10: Business Capabilities | B10: =COUNTIFS('Backlog técnico'!$H$2:$H$80,$A10,'Backlog técnico'!$Q$2:$Q$80,B$4) -> 1 | C10: =COUNTIFS('Backlog técnico'!$H$2:$H$80,$A10,'Backlog técnico'!$Q$2:$Q$80,C$4) -> 0 | D10: =COUNTIFS('Backlog técnico'!$H$2:$H$80,$A10,'Backlog técnico'!$Q$2:$Q$80,D$4) -> 0 | E10: =COUNTIFS('Backlog técnico'!$H$2:$H$80,$A10,'Backlog técnico'!$Q$2:$Q$80,E$4) -> 0 | F10: =COUNTIFS('Backlog técnico'!$H$2:$H$80,$A10,'Backlog técnico'!$Q$2:$Q$80,F$4) -> 0 | G10: =COUNTIFS('Backlog técnico'!$H$2:$H$80,$A10,'Backlog técnico'!$Q$2:$Q$80,G$4) -> 0 | H10: =SUM(B10:G10) -> 1
A11: ForgeRock | B11: =COUNTIFS('Backlog técnico'!$H$2:$H$80,$A11,'Backlog técnico'!$Q$2:$Q$80,B$4) -> 1 | C11: =COUNTIFS('Backlog técnico'!$H$2:$H$80,$A11,'Backlog técnico'!$Q$2:$Q$80,C$4) -> 0 | D11: =COUNTIFS('Backlog técnico'!$H$2:$H$80,$A11,'Backlog técnico'!$Q$2:$Q$80,D$4) -> 1 | E11: =COUNTIFS('Backlog técnico'!$H$2:$H$80,$A11,'Backlog técnico'!$Q$2:$Q$80,E$4) -> 0 | F11: =COUNTIFS('Backlog técnico'!$H$2:$H$80,$A11,'Backlog técnico'!$Q$2:$Q$80,F$4) -> 0 | G11: =COUNTIFS('Backlog técnico'!$H$2:$H$80,$A11,'Backlog técnico'!$Q$2:$Q$80,G$4) -> 0 | H11: =SUM(B11:G11) -> 2
A12: BE + ForgeRock | B12: =COUNTIFS('Backlog técnico'!$H$2:$H$80,$A12,'Backlog técnico'!$Q$2:$Q$80,B$4) -> 0 | C12: =COUNTIFS('Backlog técnico'!$H$2:$H$80,$A12,'Backlog técnico'!$Q$2:$Q$80,C$4) -> 0 | D12: =COUNTIFS('Backlog técnico'!$H$2:$H$80,$A12,'Backlog técnico'!$Q$2:$Q$80,D$4) -> 2 | E12: =COUNTIFS('Backlog técnico'!$H$2:$H$80,$A12,'Backlog técnico'!$Q$2:$Q$80,E$4) -> 0 | F12: =COUNTIFS('Backlog técnico'!$H$2:$H$80,$A12,'Backlog técnico'!$Q$2:$Q$80,F$4) -> 0 | G12: =COUNTIFS('Backlog técnico'!$H$2:$H$80,$A12,'Backlog técnico'!$Q$2:$Q$80,G$4) -> 0 | H12: =SUM(B12:G12) -> 2
A13: Web + ForgeRock | B13: =COUNTIFS('Backlog técnico'!$H$2:$H$80,$A13,'Backlog técnico'!$Q$2:$Q$80,B$4) -> 0 | C13: =COUNTIFS('Backlog técnico'!$H$2:$H$80,$A13,'Backlog técnico'!$Q$2:$Q$80,C$4) -> 1 | D13: =COUNTIFS('Backlog técnico'!$H$2:$H$80,$A13,'Backlog técnico'!$Q$2:$Q$80,D$4) -> 0 | E13: =COUNTIFS('Backlog técnico'!$H$2:$H$80,$A13,'Backlog técnico'!$Q$2:$Q$80,E$4) -> 0 | F13: =COUNTIFS('Backlog técnico'!$H$2:$H$80,$A13,'Backlog técnico'!$Q$2:$Q$80,F$4) -> 0 | G13: =COUNTIFS('Backlog técnico'!$H$2:$H$80,$A13,'Backlog técnico'!$Q$2:$Q$80,G$4) -> 0 | H13: =SUM(B13:G13) -> 1
A14: BE + QA | B14: =COUNTIFS('Backlog técnico'!$H$2:$H$80,$A14,'Backlog técnico'!$Q$2:$Q$80,B$4) -> 0 | C14: =COUNTIFS('Backlog técnico'!$H$2:$H$80,$A14,'Backlog técnico'!$Q$2:$Q$80,C$4) -> 1 | D14: =COUNTIFS('Backlog técnico'!$H$2:$H$80,$A14,'Backlog técnico'!$Q$2:$Q$80,D$4) -> 0 | E14: =COUNTIFS('Backlog técnico'!$H$2:$H$80,$A14,'Backlog técnico'!$Q$2:$Q$80,E$4) -> 0 | F14: =COUNTIFS('Backlog técnico'!$H$2:$H$80,$A14,'Backlog técnico'!$Q$2:$Q$80,F$4) -> 0 | G14: =COUNTIFS('Backlog técnico'!$H$2:$H$80,$A14,'Backlog técnico'!$Q$2:$Q$80,G$4) -> 0 | H14: =SUM(B14:G14) -> 1
A15: Arquitectura | B15: =COUNTIFS('Backlog técnico'!$H$2:$H$80,$A15,'Backlog técnico'!$Q$2:$Q$80,B$4) -> 0 | C15: =COUNTIFS('Backlog técnico'!$H$2:$H$80,$A15,'Backlog técnico'!$Q$2:$Q$80,C$4) -> 1 | D15: =COUNTIFS('Backlog técnico'!$H$2:$H$80,$A15,'Backlog técnico'!$Q$2:$Q$80,D$4) -> 0 | E15: =COUNTIFS('Backlog técnico'!$H$2:$H$80,$A15,'Backlog técnico'!$Q$2:$Q$80,E$4) -> 0 | F15: =COUNTIFS('Backlog técnico'!$H$2:$H$80,$A15,'Backlog técnico'!$Q$2:$Q$80,F$4) -> 1 | G15: =COUNTIFS('Backlog técnico'!$H$2:$H$80,$A15,'Backlog técnico'!$Q$2:$Q$80,G$4) -> 0 | H15: =SUM(B15:G15) -> 2
A16: Arquitectura + DBA | B16: =COUNTIFS('Backlog técnico'!$H$2:$H$80,$A16,'Backlog técnico'!$Q$2:$Q$80,B$4) -> 0 | C16: =COUNTIFS('Backlog técnico'!$H$2:$H$80,$A16,'Backlog técnico'!$Q$2:$Q$80,C$4) -> 0 | D16: =COUNTIFS('Backlog técnico'!$H$2:$H$80,$A16,'Backlog técnico'!$Q$2:$Q$80,D$4) -> 1 | E16: =COUNTIFS('Backlog técnico'!$H$2:$H$80,$A16,'Backlog técnico'!$Q$2:$Q$80,E$4) -> 0 | F16: =COUNTIFS('Backlog técnico'!$H$2:$H$80,$A16,'Backlog técnico'!$Q$2:$Q$80,F$4) -> 0 | G16: =COUNTIFS('Backlog técnico'!$H$2:$H$80,$A16,'Backlog técnico'!$Q$2:$Q$80,G$4) -> 0 | H16: =SUM(B16:G16) -> 1
A17: Total | B17: =SUM(B5:B16) -> 4 | C17: =SUM(C5:C16) -> 41 | D17: =SUM(D5:D16) -> 33 | E17: =SUM(E5:E16) -> 0 | F17: =SUM(F5:F16) -> 1 | G17: =SUM(G5:G16) -> 0 | H17: =SUM(H5:H16) -> 79
A18: Control: tareas en el backlog | H18: =COUNTA('Backlog técnico'!$A$2:$A$80) -> 79
A20: Leyenda de estados
A21: Habilitada | B21: Sin dependencias abiertas: se puede ejecutar e integrar
A22: Refinada | B22: Clara para el equipo; inicia con contratos y mocks, la integración espera sus dependencias
A23: Espera decisión | B23: Espera una decisión (hoja Decisiones)
A24: Bloqueado | B24: Depende de un equipo o servicio no disponible
A25: En curso | B25: En curso
A26: Tareas por responsable (una tarea compartida cuenta para cada persona)
A27: Responsable | B27: Rol | C27: Habilitada | D27: Refinada | E27: Espera decisión | F27: Bloqueado | G27: En curso | H27: Terminado | I27: Total
A28: Domingo Camargo | B28: Líder técnico BE | C28: =COUNTIFS('Backlog técnico'!$I$2:$I$80,"*"&$A28&"*",'Backlog técnico'!$Q$2:$Q$80,C$27) -> 0 | D28: =COUNTIFS('Backlog técnico'!$I$2:$I$80,"*"&$A28&"*",'Backlog técnico'!$Q$2:$Q$80,D$27) -> 2 | E28: =COUNTIFS('Backlog técnico'!$I$2:$I$80,"*"&$A28&"*",'Backlog técnico'!$Q$2:$Q$80,E$27) -> 3 | F28: =COUNTIFS('Backlog técnico'!$I$2:$I$80,"*"&$A28&"*",'Backlog técnico'!$Q$2:$Q$80,F$27) -> 0 | G28: =COUNTIFS('Backlog técnico'!$I$2:$I$80,"*"&$A28&"*",'Backlog técnico'!$Q$2:$Q$80,G$27) -> 0 | H28: =COUNTIFS('Backlog técnico'!$I$2:$I$80,"*"&$A28&"*",'Backlog técnico'!$Q$2:$Q$80,H$27) -> 0 | I28: =SUM(C28:H28) -> 5
A29: Raúl Rojas | B29: Dev Backend | C29: =COUNTIFS('Backlog técnico'!$I$2:$I$80,"*"&$A29&"*",'Backlog técnico'!$Q$2:$Q$80,C$27) -> 0 | D29: =COUNTIFS('Backlog técnico'!$I$2:$I$80,"*"&$A29&"*",'Backlog técnico'!$Q$2:$Q$80,D$27) -> 6 | E29: =COUNTIFS('Backlog técnico'!$I$2:$I$80,"*"&$A29&"*",'Backlog técnico'!$Q$2:$Q$80,E$27) -> 1 | F29: =COUNTIFS('Backlog técnico'!$I$2:$I$80,"*"&$A29&"*",'Backlog técnico'!$Q$2:$Q$80,F$27) -> 0 | G29: =COUNTIFS('Backlog técnico'!$I$2:$I$80,"*"&$A29&"*",'Backlog técnico'!$Q$2:$Q$80,G$27) -> 0 | H29: =COUNTIFS('Backlog técnico'!$I$2:$I$80,"*"&$A29&"*",'Backlog técnico'!$Q$2:$Q$80,H$27) -> 0 | I29: =SUM(C29:H29) -> 7
A30: Edwin Lima | B30: Dev Backend | C30: =COUNTIFS('Backlog técnico'!$I$2:$I$80,"*"&$A30&"*",'Backlog técnico'!$Q$2:$Q$80,C$27) -> 0 | D30: =COUNTIFS('Backlog técnico'!$I$2:$I$80,"*"&$A30&"*",'Backlog técnico'!$Q$2:$Q$80,D$27) -> 6 | E30: =COUNTIFS('Backlog técnico'!$I$2:$I$80,"*"&$A30&"*",'Backlog técnico'!$Q$2:$Q$80,E$27) -> 1 | F30: =COUNTIFS('Backlog técnico'!$I$2:$I$80,"*"&$A30&"*",'Backlog técnico'!$Q$2:$Q$80,F$27) -> 0 | G30: =COUNTIFS('Backlog técnico'!$I$2:$I$80,"*"&$A30&"*",'Backlog técnico'!$Q$2:$Q$80,G$27) -> 0 | H30: =COUNTIFS('Backlog técnico'!$I$2:$I$80,"*"&$A30&"*",'Backlog técnico'!$Q$2:$Q$80,H$27) -> 0 | I30: =SUM(C30:H30) -> 7
A31: David Ríos | B31: Dev Backend | C31: =COUNTIFS('Backlog técnico'!$I$2:$I$80,"*"&$A31&"*",'Backlog técnico'!$Q$2:$Q$80,C$27) -> 0 | D31: =COUNTIFS('Backlog técnico'!$I$2:$I$80,"*"&$A31&"*",'Backlog técnico'!$Q$2:$Q$80,D$27) -> 1 | E31: =COUNTIFS('Backlog técnico'!$I$2:$I$80,"*"&$A31&"*",'Backlog técnico'!$Q$2:$Q$80,E$27) -> 10 | F31: =COUNTIFS('Backlog técnico'!$I$2:$I$80,"*"&$A31&"*",'Backlog técnico'!$Q$2:$Q$80,F$27) -> 0 | G31: =COUNTIFS('Backlog técnico'!$I$2:$I$80,"*"&$A31&"*",'Backlog técnico'!$Q$2:$Q$80,G$27) -> 0 | H31: =COUNTIFS('Backlog técnico'!$I$2:$I$80,"*"&$A31&"*",'Backlog técnico'!$Q$2:$Q$80,H$27) -> 0 | I31: =SUM(C31:H31) -> 11
A32: Benjamín Rodríguez | B32: Dev Backend | C32: =COUNTIFS('Backlog técnico'!$I$2:$I$80,"*"&$A32&"*",'Backlog técnico'!$Q$2:$Q$80,C$27) -> 0 | D32: =COUNTIFS('Backlog técnico'!$I$2:$I$80,"*"&$A32&"*",'Backlog técnico'!$Q$2:$Q$80,D$27) -> 5 | E32: =COUNTIFS('Backlog técnico'!$I$2:$I$80,"*"&$A32&"*",'Backlog técnico'!$Q$2:$Q$80,E$27) -> 2 | F32: =COUNTIFS('Backlog técnico'!$I$2:$I$80,"*"&$A32&"*",'Backlog técnico'!$Q$2:$Q$80,F$27) -> 0 | G32: =COUNTIFS('Backlog técnico'!$I$2:$I$80,"*"&$A32&"*",'Backlog técnico'!$Q$2:$Q$80,G$27) -> 0 | H32: =COUNTIFS('Backlog técnico'!$I$2:$I$80,"*"&$A32&"*",'Backlog técnico'!$Q$2:$Q$80,H$27) -> 0 | I32: =SUM(C32:H32) -> 7
A33: Allan Bennett | B33: Líder técnico Web | C33: =COUNTIFS('Backlog técnico'!$I$2:$I$80,"*"&$A33&"*",'Backlog técnico'!$Q$2:$Q$80,C$27) -> 0 | D33: =COUNTIFS('Backlog técnico'!$I$2:$I$80,"*"&$A33&"*",'Backlog técnico'!$Q$2:$Q$80,D$27) -> 0 | E33: =COUNTIFS('Backlog técnico'!$I$2:$I$80,"*"&$A33&"*",'Backlog técnico'!$Q$2:$Q$80,E$27) -> 4 | F33: =COUNTIFS('Backlog técnico'!$I$2:$I$80,"*"&$A33&"*",'Backlog técnico'!$Q$2:$Q$80,F$27) -> 0 | G33: =COUNTIFS('Backlog técnico'!$I$2:$I$80,"*"&$A33&"*",'Backlog técnico'!$Q$2:$Q$80,G$27) -> 0 | H33: =COUNTIFS('Backlog técnico'!$I$2:$I$80,"*"&$A33&"*",'Backlog técnico'!$Q$2:$Q$80,H$27) -> 0 | I33: =SUM(C33:H33) -> 4
A34: Isis López | B34: Dev Fullstack | C34: =COUNTIFS('Backlog técnico'!$I$2:$I$80,"*"&$A34&"*",'Backlog técnico'!$Q$2:$Q$80,C$27) -> 0 | D34: =COUNTIFS('Backlog técnico'!$I$2:$I$80,"*"&$A34&"*",'Backlog técnico'!$Q$2:$Q$80,D$27) -> 7 | E34: =COUNTIFS('Backlog técnico'!$I$2:$I$80,"*"&$A34&"*",'Backlog técnico'!$Q$2:$Q$80,E$27) -> 0 | F34: =COUNTIFS('Backlog técnico'!$I$2:$I$80,"*"&$A34&"*",'Backlog técnico'!$Q$2:$Q$80,F$27) -> 0 | G34: =COUNTIFS('Backlog técnico'!$I$2:$I$80,"*"&$A34&"*",'Backlog técnico'!$Q$2:$Q$80,G$27) -> 0 | H34: =COUNTIFS('Backlog técnico'!$I$2:$I$80,"*"&$A34&"*",'Backlog técnico'!$Q$2:$Q$80,H$27) -> 0 | I34: =SUM(C34:H34) -> 7
A35: Yariela Espinosa | B35: Dev Frontend | C35: =COUNTIFS('Backlog técnico'!$I$2:$I$80,"*"&$A35&"*",'Backlog técnico'!$Q$2:$Q$80,C$27) -> 0 | D35: =COUNTIFS('Backlog técnico'!$I$2:$I$80,"*"&$A35&"*",'Backlog técnico'!$Q$2:$Q$80,D$27) -> 4 | E35: =COUNTIFS('Backlog técnico'!$I$2:$I$80,"*"&$A35&"*",'Backlog técnico'!$Q$2:$Q$80,E$27) -> 4 | F35: =COUNTIFS('Backlog técnico'!$I$2:$I$80,"*"&$A35&"*",'Backlog técnico'!$Q$2:$Q$80,F$27) -> 0 | G35: =COUNTIFS('Backlog técnico'!$I$2:$I$80,"*"&$A35&"*",'Backlog técnico'!$Q$2:$Q$80,G$27) -> 0 | H35: =COUNTIFS('Backlog técnico'!$I$2:$I$80,"*"&$A35&"*",'Backlog técnico'!$Q$2:$Q$80,H$27) -> 0 | I35: =SUM(C35:H35) -> 8
A36: Yesuri Barría | B36: Dev Frontend | C36: =COUNTIFS('Backlog técnico'!$I$2:$I$80,"*"&$A36&"*",'Backlog técnico'!$Q$2:$Q$80,C$27) -> 0 | D36: =COUNTIFS('Backlog técnico'!$I$2:$I$80,"*"&$A36&"*",'Backlog técnico'!$Q$2:$Q$80,D$27) -> 5 | E36: =COUNTIFS('Backlog técnico'!$I$2:$I$80,"*"&$A36&"*",'Backlog técnico'!$Q$2:$Q$80,E$27) -> 4 | F36: =COUNTIFS('Backlog técnico'!$I$2:$I$80,"*"&$A36&"*",'Backlog técnico'!$Q$2:$Q$80,F$27) -> 0 | G36: =COUNTIFS('Backlog técnico'!$I$2:$I$80,"*"&$A36&"*",'Backlog técnico'!$Q$2:$Q$80,G$27) -> 0 | H36: =COUNTIFS('Backlog técnico'!$I$2:$I$80,"*"&$A36&"*",'Backlog técnico'!$Q$2:$Q$80,H$27) -> 0 | I36: =SUM(C36:H36) -> 9
A37: Kevin Hawkins | B37: QA Aut. Web | C37: =COUNTIFS('Backlog técnico'!$I$2:$I$80,"*"&$A37&"*",'Backlog técnico'!$Q$2:$Q$80,C$27) -> 0 | D37: =COUNTIFS('Backlog técnico'!$I$2:$I$80,"*"&$A37&"*",'Backlog técnico'!$Q$2:$Q$80,D$27) -> 1 | E37: =COUNTIFS('Backlog técnico'!$I$2:$I$80,"*"&$A37&"*",'Backlog técnico'!$Q$2:$Q$80,E$27) -> 0 | F37: =COUNTIFS('Backlog técnico'!$I$2:$I$80,"*"&$A37&"*",'Backlog técnico'!$Q$2:$Q$80,F$27) -> 0 | G37: =COUNTIFS('Backlog técnico'!$I$2:$I$80,"*"&$A37&"*",'Backlog técnico'!$Q$2:$Q$80,G$27) -> 0 | H37: =COUNTIFS('Backlog técnico'!$I$2:$I$80,"*"&$A37&"*",'Backlog técnico'!$Q$2:$Q$80,H$27) -> 0 | I37: =SUM(C37:H37) -> 1
A38: Leyda Batista | B38: QA Funcional Web | C38: =COUNTIFS('Backlog técnico'!$I$2:$I$80,"*"&$A38&"*",'Backlog técnico'!$Q$2:$Q$80,C$27) -> 0 | D38: =COUNTIFS('Backlog técnico'!$I$2:$I$80,"*"&$A38&"*",'Backlog técnico'!$Q$2:$Q$80,D$27) -> 1 | E38: =COUNTIFS('Backlog técnico'!$I$2:$I$80,"*"&$A38&"*",'Backlog técnico'!$Q$2:$Q$80,E$27) -> 0 | F38: =COUNTIFS('Backlog técnico'!$I$2:$I$80,"*"&$A38&"*",'Backlog técnico'!$Q$2:$Q$80,F$27) -> 0 | G38: =COUNTIFS('Backlog técnico'!$I$2:$I$80,"*"&$A38&"*",'Backlog técnico'!$Q$2:$Q$80,G$27) -> 0 | H38: =COUNTIFS('Backlog técnico'!$I$2:$I$80,"*"&$A38&"*",'Backlog técnico'!$Q$2:$Q$80,H$27) -> 0 | I38: =SUM(C38:H38) -> 1
A39: Alfredo Pinzón | B39: Dev Backend BO | C39: =COUNTIFS('Backlog técnico'!$I$2:$I$80,"*"&$A39&"*",'Backlog técnico'!$Q$2:$Q$80,C$27) -> 0 | D39: =COUNTIFS('Backlog técnico'!$I$2:$I$80,"*"&$A39&"*",'Backlog técnico'!$Q$2:$Q$80,D$27) -> 1 | E39: =COUNTIFS('Backlog técnico'!$I$2:$I$80,"*"&$A39&"*",'Backlog técnico'!$Q$2:$Q$80,E$27) -> 0 | F39: =COUNTIFS('Backlog técnico'!$I$2:$I$80,"*"&$A39&"*",'Backlog técnico'!$Q$2:$Q$80,F$27) -> 0 | G39: =COUNTIFS('Backlog técnico'!$I$2:$I$80,"*"&$A39&"*",'Backlog técnico'!$Q$2:$Q$80,G$27) -> 0 | H39: =COUNTIFS('Backlog técnico'!$I$2:$I$80,"*"&$A39&"*",'Backlog técnico'!$Q$2:$Q$80,H$27) -> 0 | I39: =SUM(C39:H39) -> 1
... A50: Ximena Williams | B50: Arquitecta | C50: =COUNTIFS('Backlog técnico'!$I$2:$I$80,"*"&$A50&"*",'Backlog técnico'!$Q$2:$Q$80,C$27) -> 0 | D50: =COUNTIFS('Backlog técnico'!$I$2:$I$80,"*"&$A50&"*",'Backlog técnico'!$Q$2:$Q$80,D$27) -> 1 | E50: =COUNTIFS('Backlog técnico'!$I$2:$I$80,"*"&$A50&"*",'Backlog técnico'!$Q$2:$Q$80,E$27) -> 1 | F50: =COUNTIFS('Backlog técnico'!$I$2:$I$80,"*"&$A50&"*",'Backlog técnico'!$Q$2:$Q$80,F$27) -> 0 | G50: =COUNTIFS('Backlog técnico'!$I$2:$I$80,"*"&$A50&"*",'Backlog técnico'!$Q$2:$Q$80,G$27) -> 1 | H50: =COUNTIFS('Backlog técnico'!$I$2:$I$80,"*"&$A50&"*",'Backlog técnico'!$Q$2:$Q$80,H$27) -> 0 | I50: =SUM(C50:H50) -> 3
A51: La célula App no tiene tareas: el tablero BELCMW es solo Web (ver Brechas).

Sheet Secuencia
A1: Secuencia de construcción del R1
A2: Propuesta de orden, sin estimaciones: la capacidad por sprint, la integración, la regresión de BELP, la UAT y el plan de reversión se definen en el refinamiento con cada célula. R1: 27 de enero de 2027.
A4: Ola | B4: Sprint sugerido | C4: Nombre | D4: Qué se logra | E4: Tareas | F4: Cantidad | G4: Habilitadas
A5: 1 | B5: Sprint 1 | C5: Cimientos | D5: Base de datos, contratos de COBIS, gateway, ForgeRock arranca y decisiones abiertas. Sin esto nadie puede integrar. | E5: TEC-001, TEC-010, TEC-026, TEC-012, TEC-013, TEC-014, TEC-016, TEC-017, TEC-018, TEC-024 | F5: =COUNTIF('Backlog técnico'!$B$2:$B$80,A5) -> 10 | G5: =COUNTIFS('Backlog técnico'!$B$2:$B$80,A5,'Backlog técnico'!$Q$2:$Q$80,"Habilitada") -> 4
A6: 2 | B6: Sprint 1-2 | C6: Base común | D6: Piezas que usan todos los microservicios: bitácora, catálogos, permisos, persona, notificaciones y login de empleados. | E6: TEC-002, TEC-003, TEC-004, TEC-006, TEC-011, TEC-015 | F6: =COUNTIF('Backlog técnico'!$B$2:$B$80,A6) -> 6 | G6: =COUNTIFS('Backlog técnico'!$B$2:$B$80,A6,'Backlog técnico'!$Q$2:$Q$80,"Habilitada") -> 0
A7: 3 | B7: Sprint 2-3 | C7: Lado del banco, afiliación y contexto | D7: El banco crea grupos y vincula empresas y productos; las personas entran por invitación; la sesión sabe su contexto. | E7: TEC-007, TEC-008, TEC-009, TEC-019, TEC-022, TEC-023, TEC-020, TEC-021, TEC-005, TEC-025 | F7: =COUNTIF('Backlog técnico'!$B$2:$B$80,A7) -> 10 | G7: =COUNTIFS('Backlog técnico'!$B$2:$B$80,A7,'Backlog técnico'!$Q$2:$Q$80,"Habilitada") -> 0
A8: 4 | B8: Sprint 3-4 | C8: Autogestión del administrador | D8: Grupos de productos, roles y usuarios: backend primero, la pantalla en el mismo sprint o el siguiente. | E8: TEC-070, TEC-071, TEC-072, TEC-073, TEC-074, TEC-075, TEC-076, TEC-077, TEC-078, TEC-079, TEC-054, TEC-055, TEC-050, TEC-051, TEC-052, TEC-053, TEC-056, TEC-057, TEC-058, TEC-059, TEC-060, TEC-061, TEC-030, TEC-031, TEC-032, TEC-033, TEC-034, TEC-035, TEC-036, TEC-037, TEC-038, TEC-039, TEC-040 | F8: =COUNTIF('Backlog técnico'!$B$2:$B$80,A8) -> 33 | G8: =COUNTIFS('Backlog técnico'!$B$2:$B$80,A8,'Backlog técnico'!$Q$2:$Q$80,"Habilitada") -> 0
A9: 5 | B9: Sprint 4-5 | C9: Operación del usuario | D9: Usuarios secundarios entran, cambian de contexto o de grupo y ven solo sus productos. | E9: TEC-104, TEC-100, TEC-101, TEC-102, TEC-103, TEC-105, TEC-106, TEC-107 | F9: =COUNTIF('Backlog técnico'!$B$2:$B$80,A9) -> 8 | G9: =COUNTIFS('Backlog técnico'!$B$2:$B$80,A9,'Backlog técnico'!$Q$2:$Q$80,"Habilitada") -> 0
A10: 6 | B10: Sprint 5-6 | C10: Flujos de aprobación | D10: Solo si la PO confirma que entran al R1 (D4); si no, pasan al R2. | E10: TEC-080, TEC-081, TEC-082, TEC-083, TEC-084, TEC-085, TEC-086, TEC-087, TEC-088, TEC-089, TEC-090, TEC-091 | F10: =COUNTIF('Backlog técnico'!$B$2:$B$80,A10) -> 12 | G10: =COUNTIFS('Backlog técnico'!$B$2:$B$80,A10,'Backlog técnico'!$Q$2:$Q$80,"Habilitada") -> 0
A12: Rutas críticas
A13: Base: TEC-001 Liquibase → TEC-004 permisos → TEC-005 contexto → todas las pantallas de autogestión.
A14: Identidad: TEC-010 ForgeRock (Gustavo) → TEC-022/023 registro → TEC-020 vinculación → TEC-104 usuarios secundarios.
A15: Datos: TEC-009 vincular productos (BO) → TEC-072 grupos de productos → TEC-052 roles → TEC-105 consolidado. Mientras BO termina, BE trabaja con datos semilla.
A16: Decisiones: D1 (tuya) destraba contexto, afiliación e invitación. D4 (PO) decide si la ola 6 entra al R1.

Sheet Backlog técnico
A1: Clave | B1: Ola | C1: Sprint sugerido | D1: Historia PO relacionada | E1: Épica PO | F1: Título | G1: Tipo | H1: Célula | I1: Responsable | J1: 1. Objetivo técnico | K1: 2. Alcance | L1: 3. Diseño / arquitectura | M1: 4. Componentes impactados | N1: 5. Dependencias | O1: 6. Restricciones | P1: 7. Criterios de aceptación técnicos | Q1: Estado | R1: Decisión o bloqueo
A2: TEC-001 | B2: 1 | C2: Sprint 1 | D2: — | E2: Habilitadores técnicos | F2: Liquibase para los esquemas belc y auditoria en el pipeline | G2: DevOps / BD | H2: SRE | I2: Karen Gonzalez | J2: Que los esquemas belc y auditoria se creen y versionen igual en todos los ambientes, sin scripts manuales. | K2: Incluye: Changelog por esquema, ejecución en el pipeline de DEV y QA, prueba de integridad y de permisos. No incluye: Esquema belp (sin cambios); datos de negocio. | L2: Escribe: Esquemas belc y auditoria; roles rol_app_belc y rol_app_belp | M2: Aurora MySQL · Liquibase | N2: — | O2: Un changelog por esquema. Sin FKs entre esquemas. Ningún cambio al esquema belp. | P2: Un changelog por esquema (HT-02). La prueba prueba_integridad_BELC.sql rechaza los 12 casos inválidos en DEV y QA. El rol de BELC recibe 'command denied' al escribir en belp o modificar la bitácora. | Q2: Habilitada
A3: TEC-010 | B3: 1 | C3: Sprint 1 | D3: — | E3: Habilitadores técnicos | F3: Journeys de ForgeRock (registro y login) y claims del token de sesión | G3: Identidad | H3: ForgeRock | I3: Gustavo | J3: Que una persona invitada pueda registrarse o entrar con su usuario existente y obtenga un token de sesión que indique si tiene acceso a BELP y a BELC. | K3: Incluye: Journeys de registro (4a y 4b) y login; claims del token de sesión. No incluye: Acreditación de identidad, MFA y escritura de customProfile.belc (TEC-026); cambios a customProfile.belp. | L3: Escribe: managed/user · customProfile.belc Bitácora: LOGIN_EXITOSO, LOGOUT | M3: ForgeRock AM + IDM | N3: — | O3: customProfile.belp no se modifica. Un soft token por celular (no se crea otro para BELC). | P3: Con lo ya acordado: journeys de registro con invitación (ramas 4a y 4b) y de login, claims identity_id / belp_enabled / belc_enabled en el token de sesión, customProfile.belp sin cambios. Lo pendiente va en TEC-026. | Q3: Habilitada | R3: Sin historias de la PO
A4: TEC-026 | B4: 1 | C4: Sprint 1 | D4: — | E4: Habilitadores técnicos | F4: ForgeRock: acreditación de identidad, MFA y quién escribe customProfile.belc | G4: Identidad | H4: ForgeRock | I4: Gustavo | J4: Cerrar las definiciones de identidad que faltan para el registro en BELC. | K4: Incluye: Definición y configuración de acreditación, MFA y escritura de customProfile.belc. No incluye: Journeys base (TEC-010). | L4: Escribe: managed/user · customProfile.belc | M4: ForgeRock AM + IDM | N4: TEC-010 | O4: — | P4: Definir cómo se acredita la identidad en la rama 4b, qué factor MFA aplica en BELC (soft token del celular u OTP) y qué servicio escribe customProfile.belc.enabled. Luego se configura en los journeys de TEC-010. | Q4: Espera decisión | R4: D11
A5: TEC-012 | B5: 1 | C5: Sprint 1 | D5: — | E5: Habilitadores técnicos | F5: Contratos y mocks de COBIS: empresas, productos, saldos y detalle | G5: Integración | H5: Business Capabilities | I5: Ezequiel Dawson / Abraham Aizprúa | J5: Que los equipos puedan desarrollar contra COBIS sin esperar la integración real. | K5: Incluye: Contratos y mocks de empresas, productos, saldos y detalle. No incluye: Transacciones (R2). | L5: Lee: COBIS (solo lectura) | M5: Adaptador COBIS | N5: — | O5: COBIS es solo lectura en el R1. El mock debe tener el mismo formato que el servicio real. | P5: Ejemplos reales de respuesta y tiempos de respuesta de cada servicio. Mock con el mismo formato para DEV. | Q5: Habilitada
A6: TEC-013 | B6: 1 | C6: Sprint 1 | D6: — | E6: Habilitadores técnicos | F6: API Gateway y WAF: rutas BELC propias y bloqueo independiente (ADR-002) | G6: DevOps | H6: SRE | I6: Eric Manuel Hdz. | J6: Que las rutas de BELC se publiquen, protejan y puedan bloquearse sin afectar a BELP. | K6: Incluye: Rutas /v1 de BELC, validación de audiencia y belc_enabled, reglas de WAF y bloqueo por ruta. No incluye: Rutas de BELP. | L6: Endpoint: /v1/* de BELC | M6: API Gateway · WAF | N6: — | O6: Bloquear BELC no puede afectar las rutas de BELP. | P6: Valida audiencia y belc_enabled. Las rutas BELC se bloquean sin tocar las de BELP. | Q6: Habilitada
A7: TEC-014 | B7: 1 | C7: Sprint 1 | D7: — | E7: Habilitadores técnicos | F7: Protección de BELP en Aurora (ADR-002) | G7: DevOps / BD | H7: SRE + DBA | I7: Eric Manuel Hdz. / DBA | J7: Que la carga de BELC en Aurora no degrade a BELP en producción. | K7: Incluye: Réplica de lectura, límite de conexiones del usuario BELC y monitoreo por usuario. No incluye: Crecimiento de la bitácora (TEC-018). | L7: Ver Componentes impactados. | M7: Aurora MySQL | N7: TEC-001 | O7: Las consultas de BELC no van al nodo de escritura cuando pueden ir a la réplica. | P7: Réplica de lectura para consultas de BELC. MAX_USER_CONNECTIONS en el usuario de BELC. Performance Insights por usuario. El crecimiento de la bitácora se trata en TEC-018. | Q7: Refinada | R7: Puede iniciar con contratos y mocks de TEC-001; la integración espera que estén terminadas.
A8: TEC-016 | B8: 1 | C8: Sprint 1 | D8: — | E8: Habilitadores técnicos | F8: Ajustes de DDL detectados al cruzar el backlog | G8: BD | H8: Arquitectura | I8: Ximena Williams | J8: Dejar el DDL alineado con lo que piden las historias de la PO. | K8: Incluye: Version en Usuario_grupo_economico y carga de los códigos nuevos de TIPO_EVENTO. No incluye: Perfil EJECUTOR hasta cerrar D5. | L8: Escribe: Usuario_grupo_economico, perfil, TIPO_EVENTO | M8: Aurora MySQL | N8: TEC-001 | O8: No agregar EJECUTOR hasta cerrar D5. | P8: Ahora: agregar Version a Usuario_grupo_economico (para editar usuario con control de concurrencia) y cargar los códigos de la hoja 'Eventos bitácora'. El perfil EJECUTOR NO se agrega hasta cerrar D5. | Q8: Refinada | R8: EJECUTOR condicionado a D5 · Puede iniciar con contratos y mocks de TEC-001; la integración espera que estén terminadas.
A9: TEC-017 | B9: 1 | C9: Sprint 1 | D9: BELCMW-53 | E9: BELCMW-3 Validación de procesos | F9: Spike: tabla de bitácora común para BELP y BELC | G9: Arquitectura | H9: Arquitectura | I9: Ximena Williams | J9: Responder el spike BELCMW-53: si BELP y BELC usan una o dos tablas de bitácora. | K9: Incluye: Recomendación con justificación, ADR-001 y DDL de auditoria. No incluye: Implementación de la librería (TEC-002). | L9: Ver Componentes impactados. | M9: auditoria | N9: — | O9: Requiere validación de Seguridad y Auditoría. | P9: Recomendación: una tabla común (ADR-001, decisión 5). Falta validación de Seguridad y Auditoría. | Q9: En curso | R9: Validación de Seguridad y Auditoría
A10: TEC-018 | B10: 1 | C10: Sprint 1 | D10: — | E10: Habilitadores técnicos | F10: Estrategia de crecimiento de BITACORA_EVENTO | G10: BD | H10: Arquitectura + DBA | I10: Ximena Williams / DBA | J10: Definir cómo crece la bitácora en el tiempo sin perder rendimiento ni integridad. | K10: Incluye: Comparar opciones, decidir con DBA y Seguridad, ajustar DDL y ADR-002. No incluye: Monitoreo general de Aurora (TEC-014). | L10: Escribe: auditoria.BITACORA_EVENTO | M10: Aurora MySQL | N10: TEC-001 | O10: MySQL no permite FK en tablas particionadas y exige la fecha en la llave primaria. | P10: MySQL no permite FK en tablas particionadas y exige la fecha en la llave primaria. Opción A: particionar por mes, quitar la FK a TIPO_EVENTO (la valida lib-bitacora) y PK (id_bitacora, Fecha_evento_utc). Opción B: no particionar; archivado y retención por job. Actualizar ADR-002 con lo que se decida. | Q10: Espera decisión | R10: D10
A11: TEC-024 | B11: 1 | C11: Sprint 1 | D11: BELCMW-5 | E11: BELCMW-2 Acceso y contexto de administradores | F11: Gestión de token del administrador | G11: Backend + Identidad | H11: BE + ForgeRock | I11: David Ríos / Gustavo | J11: Resolver la historia BELCMW-5 según el tipo de token que defina la PO. | K11: Incluye: Según D6: reenvío de invitación o uso del soft token existente. No incluye: Crear un soft token nuevo para BELC. | L11: Endpoint: Por definir Escribe: Por definir Bitácora: INVITACION_REENVIADA | M11: ms-identidad / ForgeRock | N11: — | O11: Solo datos del grupo económico de la sesión (403 si no). Escribe solo en belc y en auditoria (INSERT). Errores en formato RFC 7807 con correlationId. | P11: Si es token de invitación: vencimiento de 72 h y reenvío que genera un Token_hash nuevo. Si es soft token: se reutiliza el del celular (uno por celular), sin tabla en BELC. | Q11: Espera decisión | R11: D6
A12: TEC-002 | B12: 2 | C12: Sprint 1-2 | D12: — | E12: Habilitadores técnicos | F12: Librería compartida de bitácora | G12: Backend | H12: BE | I12: Raúl Rojas | J12: Que todos los servicios registren los eventos de la misma forma en la bitácora común. | K12: Incluye: Registro exitoso, fallido y denegado; hash del registro. No incluye: Consultas o reportes sobre la bitácora. | L12: Endpoint: — (librería) Escribe: auditoria.BITACORA_EVENTO Lee: auditoria.TIPO_EVENTO Bitácora: Todos | M12: lib-bitacora | N12: TEC-001 | O12: Solo INSERT. Nunca guarda tokens, OTP ni números de cuenta completos. Solo datos del grupo económico de la sesión (403 si no). Escribe solo en belc y en auditoria (INSERT). Errores en formato RFC 7807 con correlationId. | P12: Solo INSERT. Misma transacción en operaciones exitosas; transacción propia en fallos (403, 504, validación). Llena Canal, Contexto, Identity_id, id_sesion, id_correlacion. Hash_registro SHA-256. Nunca guarda tokens, OTP ni cuentas completas. | Q12: Refinada | R12: Puede iniciar con contratos y mocks de TEC-001; la integración espera que estén terminadas.
A13: TEC-003 | B13: 2 | C13: Sprint 1-2 | D13: — | E13: Habilitadores técnicos | F13: Servicio de catálogos | G13: Backend | H13: BE | I13: Edwin Lima | J13: Que las pantallas y servicios obtengan los catálogos (monedas, perfiles, permisos, tipos) de un solo lugar. | K13: Incluye: Endpoint de lectura de catálogos activos. No incluye: Mantenimiento de catálogos (se cargan por Liquibase). | L13: Endpoint: GET /v1/catalogos/{tipo} Lee: Tipo_documento, moneda, Tipo_transaccion, perfil, permiso, Tipo_visualizacion, Tipo_producto | M13: ms-catalogos · COBIS · ForgeRock | N13: TEC-001 | O13: Solo datos del grupo económico de la sesión (403 si no). Escribe solo en belc y en auditoria (INSERT). Errores en formato RFC 7807 con correlationId. | P13: Solo valores ACTIVO. permisos devuelve Categoria. Tipo desconocido → 404. Sin llamadas a COBIS ni ForgeRock. | Q13: Refinada | R13: Puede iniciar con contratos y mocks de TEC-001; la integración espera que estén terminadas.
A14: TEC-004 | B14: 2 | C14: Sprint 1-2 | D14: — | E14: Habilitadores técnicos | F14: Validación de sesión, persona, grupo y permisos (middleware) | G14: Backend | H14: BE | I14: Domingo Camargo | J14: Que ningún servicio responda datos de un grupo económico a quien no pertenece a él o no tiene el permiso. | K14: Incluye: Validación de token, persona, relación con el grupo y permiso; registro de 403. No incluye: Reglas propias de cada pantalla o servicio. | L14: Endpoint: — (middleware) Lee: belc_persona_canal, Usuario_grupo_economico, role, Rol_permiso, permiso Bitácora: ACCESO_DENEGADO | M14: Librería común de los microservicios | N14: TEC-002, TEC-010 | O14: Solo datos del grupo económico de la sesión (403 si no). Escribe solo en belc y en auditoria (INSERT). Errores en formato RFC 7807 con correlationId. | P14: Valida audiencia y belc_enabled del token de sesión. Persona sin fila o Estado_canal INACTIVO → 403. Sin relación ACTIVA con el grupo de la URL → 403 aunque tenga el permiso. Cada 403 se registra (ACCESO_DENEGADO). | Q14: Refinada | R14: D2 cambia el nombre de la llave si se elige id_persona · Puede iniciar con contratos y mocks de TEC-002, TEC-010; la integración espera que estén terminadas.
A15: TEC-006 | B15: 2 | C15: Sprint 1-2 | D15: — | E15: Habilitadores técnicos | F15: Registro local de la persona y refresco del nombre | G15: Backend | H15: BE | I15: David Ríos | J15: Que BELC conozca a la persona (identity_id y nombre) sin guardar datos sensibles de ForgeRock. | K15: Incluye: Alta de la persona en belc_persona_canal y actualización del nombre. No incluye: Datos sensibles de ForgeRock (documento, correo de seguridad, teléfono). | L15: Endpoint: — (en vinculación y login) Escribe: belc_persona_canal Lee: belc_persona_canal | M15: ms-identidad | N15: TEC-010 | O15: No guarda documento, correo de seguridad ni teléfono. Solo datos del grupo económico de la sesión (403 si no). Escribe solo en belc y en auditoria (INSERT). Errores en formato RFC 7807 con correlationId. | P15: Inserta si no existe; si existe no duplica ni cambia Fecha_creacion. En cada login actualiza Nombre_mostrar solo si cambió. No guarda documento, correo de seguridad ni teléfono. | Q15: Espera decisión | R15: D2
A16: TEC-011 | B16: 2 | C16: Sprint 1-2 | D16: — | E16: Habilitadores técnicos | F16: Login de empleados del banco en el BackOffice BELC | G16: Backend + Front BO | H16: BO | I16: Abraham Otero | J16: Que los empleados del banco entren al BackOffice de BELC con sus usuarios y roles actuales. | K16: Incluye: Login de empleados y lectura de sus roles de BELP. No incluye: Tablas nuevas de empleados. | L16: Lee: belp.mdl02_employee y tablas de roles mdl02_ (solo SELECT) Bitácora: LOGIN_EXITOSO | M16: BackOffice BELC · BELP (solo lectura) | N16: — | O16: Solo SELECT sobre las tablas mdl02_ de BELP (pendiente confirmación, D7). Solo empleados del banco con permiso de BackOffice. Escribe solo en belc y en auditoria (INSERT). Errores en formato RFC 7807 con correlationId. | P16: Reutiliza los empleados de BELP; sin tabla nueva de empleados. | Q16: Espera decisión | R16: D7
A17: TEC-015 | B17: 2 | C17: Sprint 1-2 | D17: — | E17: Habilitadores técnicos | F17: Adaptador de notificaciones por correo | G17: Backend | H17: BE | I17: Benjamín Rodríguez | J17: Que los servicios envíen correos de negocio y de seguridad por un único adaptador. | K17: Incluye: Envío por plantilla a correo de negocio o de seguridad. No incluye: Contenido de las plantillas (lo define negocio). | L17: Endpoint: — (interno) Lee: Contacto_notificacion, afiliacion | M17: ms-notificaciones · ForgeRock | N17: — | O17: Solo datos del grupo económico de la sesión (403 si no). Escribe solo en belc y en auditoria (INSERT). Errores en formato RFC 7807 con correlationId. | P17: Avisos de negocio al correo de la relación (Contacto_notificacion); avisos de seguridad al correo de ForgeRock. | Q17: Espera decisión | R17: D9
A18: TEC-007 | B18: 3 | C18: Sprint 2-3 | D18: — | E18: Habilitadores técnicos | F18: BackOffice: crear grupo económico | G18: Backend + Front BO | H18: BO | I18: Alfredo Pinzón / Chaidir Charpenter | J18: Que el banco pueda crear el grupo económico de un cliente comercial. | K18: Incluye: Crear grupo con su tipo de administración y el rol administrador inicial; pantalla de BackOffice. No incluye: Edición o baja de grupos. | L18: Endpoint: POST /v1/grupos-economicos Escribe: Grupo_economico, role (administrador inicial) Bitácora: GRUPO_ECONOMICO_CREADO | M18: ms-grupos-economicos | N18: TEC-002, TEC-011 | O18: Solo empleados del banco con permiso de BackOffice. Escribe solo en belc y en auditoria (INSERT). Errores en formato RFC 7807 con correlationId. | P18: Tipo_administracion I o D. Nombre único sin importar mayúsculas (409). Crea en la misma transacción el rol administrador inicial del grupo. Devuelve idGrupoEconomico. | Q18: Refinada | R18: Sin historia de la PO (ver Brechas) · Puede iniciar con contratos y mocks de TEC-002, TEC-011; la integración espera que estén terminadas. Ojo: TEC-011 espera decisión.
... A80: TEC-091 | B80: 6 | C80: Sprint 5-6 | D80: BELCMW-42 | E80: BELCMW-34 Flujos de aprobación | F80: Confirmación de eliminación de flujo | G80: Frontend Web | H80: Web | I80: Yesuri Barría | J80: Que la baja de un flujo se confirme y explique cuando no es posible. | K80: Incluye: Pantalla Web: confirmación de eliminación de flujo. No incluye: App (otro tablero); el servicio (TEC-090). | L80: Consume: DELETE /v1/grupos-economicos/{id}/flujos-aprobacion/{idFlujo} (TEC-090) | M80: Web BELC | N80: TEC-090 | O80: Sin reglas de negocio en la pantalla: la API decide. Muestra solo lo que permite el contexto de sesión. Mismo contrato que usará la App. | P80: Pide confirmación. Desde el R2, si hay transacciones pendientes con el flujo (409), lo informa y no elimina. | Q80: Espera decisión | R80: D4

Sheet Decisiones
A1: Id | B1: Decisión pendiente | C1: Quién decide | D1: Tareas que espera
A2: D1 | B2: ¿La relación de la persona es por grupo económico o por empresa? Cambia el comportamiento y la restricción UNIQUE de Usuario_grupo_economico. | C2: Arquitectura (Ximena Williams) + PO | D2: TEC-005, TEC-020, TEC-032, TEC-033, TEC-102, TEC-103
A3: D2 | B3: ¿Qué llave local usa BELC para la persona y cómo corresponde con ForgeRock? La identidad central ya es ForgeRock (identity_id); solo se decide la llave en las tablas de BELC. | C3: Arquitectura (Ximena Williams) | D3: TEC-004, TEC-006, TEC-020
A4: D3 | B4: ¿Visualización Mixta o Separada? | C4: PO | D4: TEC-005, TEC-106
A5: D4 | B5: ¿La épica de flujos de aprobación (BELCMW-34) entra en el Release 1? | C5: PO | D5: TEC-080 a TEC-091
A6: D5 | B6: ¿Qué permite el perfil Ejecutor y quién define los permisos de cada perfil (el banco o el administrador del cliente)? | C6: PO | D6: TEC-016, TEC-054, TEC-055
A7: D6 | B7: BELCMW-5 'Gestión de token': ¿es el token de la invitación o el soft token del celular? | C7: PO + Seguridad | D7: TEC-024
A8: D7 | B8: ¿BELC puede leer las tablas de empleados mdl02_ de BELP? (HT-01) | C8: Equipo BELP | D8: TEC-011
A9: D8 | B9: BELCMW-44 'cambio de perfil': ¿cambio de contexto personal/comercial o cambio de perfil del rol? | C9: PO | D9: TEC-100, TEC-101
A10: D9 | B10: ¿Qué servicio del banco envía los correos de negocio? | C10: Equipo de integración | D10: TEC-015, TEC-034
A11: D10 | B11: Bitácora: ¿particionar por mes (sin FK a TIPO_EVENTO) o no particionar y archivar por retención? | C11: Arquitectura (Ximena Williams) + DBA + Seguridad | D11: TEC-018, ADR-002
A12: D11 | B12: ForgeRock: ¿cómo se acredita la identidad al registrarse, qué MFA aplica en BELC y qué servicio escribe customProfile.belc? | C12: Arquitectura (Ximena Williams) + Seguridad + Gustavo | D12: TEC-026
A13: D12 | B13: ¿Todo rol necesita al menos un grupo de productos, o los roles solo administrativos pueden no tener? | C13: PO | D13: TEC-052, TEC-053

Sheet Brechas
A1: Brecha detectada | B1: Impacto | C1: Acción propuesta
A2: El lado del banco (Servicio de Canales: crear grupo económico, vincular empresas y productos) no tiene historias de la PO. | B2: Sin esto no hay grupos ni productos que administrar. | C2: Proponer a la PO una épica para el BackOffice del banco (TEC-007 a TEC-009).
A3: La descarga de estados de cuenta está en la planificación del R1 pero no en este backlog. | B3: Entregable del R1 sin historias. | C3: Confirmar con la PO si sigue en el R1.
A4: Los journeys de ForgeRock (registro y login) no tienen historias de la PO. Responsable: Gustavo. | B4: Ninguna persona puede entrar a BELC sin ellos. | C4: Crear historias para Gustavo (TEC-010) y agregarlo a la alineación de células.
A5: El tablero es 'Banca en Línea Comercial Web'. El R1 incluye también la App. | B5: Las pantallas de la App no tienen historias. | C5: Confirmar si existe un tablero de la App.
A6: Nadie emite la primera invitación de administrador del grupo. | B6: El grupo queda creado y nadie puede entrar. | C6: Agregada como TEC-019 (BackOffice). Pedir a la PO una historia.
A7: BELCMW-39 no aparece en las capturas del backlog. | B7: Puede faltar una historia de la épica de flujos. | C7: Verificar en Jira.
A8: El perfil Ejecutor (BELCMW-23) no existe en los contratos de UX ni en el catálogo de perfiles. | B8: Hay que agregarlo y definir qué permite. | C8: Ver D5.

Sheet Eventos bitácora
A1: Código (TIPO_EVENTO) | B1: Nombre | C1: Categoría | D1: Criticidad | E1: Visible al cliente | F1: Estado en el DDL
A2: LOGIN_EXITOSO | B2: Inicio de sesión exitoso | C2: ACCESO | D2: BAJA | E2: Sí | F2: Ya cargado
A3: LOGOUT | B3: Cierre de sesión | C3: ACCESO | D3: BAJA | E3: Sí | F3: Ya cargado
A4: CAMBIO_CONTEXTO | B4: Cambio de contexto o de grupo económico | C4: ACCESO | D4: BAJA | E4: Sí | F4: Ya cargado
A5: ACCESO_DENEGADO | B5: Operación denegada por falta de permiso | C5: SEGURIDAD | D5: ALTA | E5: No | F5: Ya cargado
A6: GRUPO_ECONOMICO_CREADO | B6: Grupo económico creado | C6: BACKOFFICE | D6: MEDIA | E6: No | F6: Ya cargado
A7: EMPRESA_VINCULADA | B7: Empresa vinculada a un grupo económico | C7: BACKOFFICE | D7: MEDIA | E7: No | F7: Ya cargado
A8: PRODUCTO_VINCULADO | B8: Producto vinculado a una empresa | C8: BACKOFFICE | D8: MEDIA | E8: No | F8: Ya cargado
A9: ADMINISTRADOR_INVITADO | B9: Primer administrador invitado por el banco | C9: BACKOFFICE | D9: ALTA | E9: No | F9: Nuevo
A10: AFILIACION_COMPLETADA | B10: Persona vinculada al aceptar la invitación | C10: AUTOGESTION | D10: MEDIA | E10: Sí | F10: Nuevo
A11: INVITACION_REENVIADA | B11: Invitación reenviada | C11: AUTOGESTION | D11: BAJA | E11: Sí | F11: Nuevo
A12: USUARIO_INVITADO | B12: Usuario secundario invitado | C12: AUTOGESTION | D12: MEDIA | E12: Sí | F12: Nuevo
... A23: FLUJO_ELIMINADO | B23: Flujo de aprobación eliminado | C23: AUTOGESTION | D23: ALTA | E23: Sí | F23: Nuevo
